<?xml version="1.0"?>

<config xmlns:xsi="http://www.w3.org/2001/XMLSchema-instance" xsi:noNamespaceSchemaLocation="urn:magento:framework:Module/etc/module.xsd">
    <module name="Vnpayment_VNPAY" setup_version="1.0.0">
        <sequence>
            <!--<module name="Magento_Sales"/>-->
            <!--<module name="Magento_Payment"/>-->
            <!--<module name="Magento_Checkout"/>-->
            <!--<module name="Magento_Directory" />-->
            <!--<module name="Magento_Config" />-->
        </sequence>
    </module>
</config>
