<?xml version="1.0"?>
<!--
  ~ Copyright © Boolfly. All rights reserved.
  ~ See COPYING.txt for license details.
  -->
<config xmlns:xsi="http://www.w3.org/2001/XMLSchema-instance"
        xsi:noNamespaceSchemaLocation="urn:magento:module:Magento_Customer:etc/sections.xsd">
    <action name="rest/*/V1/guest-carts/*/set-payment-information">
        <section name="cart"/>
        <section name="checkout-data"/>
    </action>
    <action name="rest/*/V1/carts/*/set-payment-information">
        <section name="cart"/>
        <section name="checkout-data"/>
    </action>
</config>