<?xml version="1.0" ?>
<!--
/**
 * Landofcoder
 * 
 * NOTICE OF LICENSE
 * 
 * This source file is subject to the Landofcoder.com license that is
 * available through the world-wide-web at this URL:
 * https://landofcoder.com/license
 * 
 * DISCLAIMER
 * 
 * Do not edit or add to this file if you wish to upgrade this extension to newer
 * version in the future.
 * 
 * @category   Landofcoder
 * @package    Lof_PromotionBar
 * @copyright  Copyright (c) 2019 Landofcoder (http://www.landofcoder.com/)
 * @license    http://www.landofcoder.com/LICENSE-1.0.html
 */
-->
<payment xmlns:xsi="http://www.w3.org/2001/XMLSchema-instance" xsi:noNamespaceSchemaLocation="urn:magento:module:Magento_Payment:etc/payment.xsd">
    <groups>
        <group id="offline">
            <label>Offline Payment Methods</label>
        </group>
    </groups>
    <methods>
        <method name="lof_zalopayment">
            <allow_multiple_address>1</allow_multiple_address>
        </method>
    </methods>
</payment>
