<?xml version="1.0" ?>
<!--
/**
 * Landofcoder
 * 
 * NOTICE OF LICENSE
 * 
 * This source file is subject to the Landofcoder.com license that is
 * available through the world-wide-web at this URL:
 * https://landofcoder.com/license
 * 
 * DISCLAIMER
 * 
 * Do not edit or add to this file if you wish to upgrade this extension to newer
 * version in the future.
 * 
 * @category   Landofcoder
 * @package    Lof_PromotionBar
 * @copyright  Copyright (c) 2019 Landofcoder (http://www.landofcoder.com/)
 * @license    http://www.landofcoder.com/LICENSE-1.0.html
 */
-->
<config xmlns:xsi="http://www.w3.org/2001/XMLSchema-instance" xsi:noNamespaceSchemaLocation="urn:magento:module:Magento_Config:etc/system_file.xsd">
    <system>
        <section id="payment" showInDefault="1" showInStore="1" showInWebsite="1" sortOrder="1000" translate="label">
            <group id="lof_zalopayment" showInDefault="1" showInStore="1" showInWebsite="1" sortOrder="10" translate="label">
                <label>Zalo Payment</label>
                <field id="active" canRestore="1" showInDefault="1" showInStore="0" showInWebsite="1" sortOrder="10" translate="label" type="select">
                    <label>Enabled</label>
                    <source_model>Magento\Config\Model\Config\Source\Yesno</source_model>
                </field>
                <field id="title" canRestore="1" showInDefault="1" showInStore="1" showInWebsite="1" sortOrder="20" translate="label" type="text">
                    <label>Title</label>
                    <validate>required-entry</validate>
                    <depends>
                        <field id="active">1</field>
                    </depends>
                </field>
                <field id="appid" canRestore="0" showInDefault="1" showInStore="1" showInWebsite="1" sortOrder="21" translate="label" type="text">
                    <label>App Id</label>
                    <validate>required-entry validate-digits validate-greater-than-zero</validate>
                    <comment>Sanbox use: 553</comment>
                    <depends>
                        <field id="active">1</field>
                    </depends>
                </field>
                <field id="key1" canRestore="0" showInDefault="1" showInStore="1" showInWebsite="1" sortOrder="22" translate="label" type="text">
                    <label>Key 1</label>
                    <validate>required-entry</validate>
                     <comment>Sanbox use: 9phuAOYhan4urywHTh0ndEXiV3pKHr5Q</comment>
                    <depends>
                        <field id="active">1</field>
                    </depends>
                </field>
                <field id="key2" canRestore="0" showInDefault="1" showInStore="1" showInWebsite="1" sortOrder="23" translate="label" type="text">
                    <label>Key 2</label>
                    <validate>required-entry</validate>
                    <comment>Sanbox use: Iyz2habzyr7AG8SgvoBCbKwKi3UzlLi3</comment>
                    <depends>
                        <field id="active">1</field>
                    </depends>
                </field>
                <field id="url_callback" canRestore="0" showInDefault="1" showInStore="1" showInWebsite="1" sortOrder="24" translate="label" type="text">
                    <label>Callback Url</label>
                    <validate>required-entry validate-url</validate>
                    <comment>Use the URL: https://your.website.com/lofzalopayment/payment/callback</comment>
                    <depends>
                        <field id="active">1</field>
                    </depends>
                </field>
                <field id="url_redirect" canRestore="0" showInDefault="1" showInStore="1" showInWebsite="1" sortOrder="25" translate="label" type="text">
                    <label>Redirect Url</label>
                    <validate>required-entry validate-url</validate>
                    <comment>Use the URL: https://your.website.com/lofzalopayment/payment/redirect</comment>
                    <depends>
                        <field id="active">1</field>
                    </depends>
                </field>
                <field id="environment" canRestore="0" showInDefault="1" showInStore="1" showInWebsite="1" sortOrder="26" translate="label" type="select">
                    <label>Environment</label>
                    <validate>required-entry</validate>
                    <source_model>Lof\ZaloPayment\Model\Adminhtml\Source\Environment</source_model>
                    <depends>
                        <field id="active">1</field>
                    </depends>
                </field>
                <field id="order_status" canRestore="1" showInDefault="1" showInStore="1" showInWebsite="1" sortOrder="30" translate="label" type="select">
                    <label>New Order Status</label>
                    <validate>required-entry</validate>
                    <source_model>Magento\Sales\Model\Config\Source\Order\Status\NewStatus</source_model>
                    <depends>
                        <field id="active">1</field>
                    </depends>
                </field>
                <field id="allowspecific" canRestore="1" showInDefault="1" showInStore="1" showInWebsite="1" sortOrder="40" translate="label" type="allowspecific">
                    <label>Payment from Applicable Countries</label>
                    <source_model>Magento\Payment\Model\Config\Source\Allspecificcountries</source_model>
                    <depends>
                        <field id="active">1</field>
                    </depends>
                </field>
                <field id="specificcountry" showInDefault="1" showInStore="0" showInWebsite="1" sortOrder="50" translate="label" type="multiselect">
                    <label>Payment from Specific Countries</label>
                    <source_model>Magento\Directory\Model\Config\Source\Country</source_model>
                    <can_be_empty>1</can_be_empty>
                    <depends>
                        <field id="active">1</field>
                        <field id="allowspecific" negative='1'>0</field>
                    </depends>
                </field>
                <field id="min_order_total" translate="label" type="text" sortOrder="98" showInDefault="1" showInWebsite="1" showInStore="0">
                    <label>Minimum Order Total</label>
                    <validate>validate-number validate-greater-than-zero</validate>
                    <depends>
                        <field id="active">1</field>
                    </depends>
                </field>
                <field id="max_order_total" translate="label" type="text" sortOrder="99" showInDefault="1" showInWebsite="1" showInStore="0">
                    <label>Maximum Order Total</label>
                    <validate>validate-number validate-greater-than-zero</validate>
                    <depends>
                        <field id="active">1</field>
                    </depends>
                </field>
                <field id="sort_order" showInDefault="1" showInStore="1" showInWebsite="1" sortOrder="100" translate="label" type="text">
                    <label>Sort Order</label>
                    <frontend_class>validate-number</frontend_class>
                    <depends>
                        <field id="active">1</field>
                    </depends>
                </field>
            </group>
        </section>
    </system>
</config>
