<?xml version="1.0"?> 
<config xmlns:xsi="http://www.w3.org/2001/XMLSchema-instance" xsi:noNamespaceSchemaLocation="urn:magento:framework:Api/etc/extension_attributes.xsd">
    <extension_attributes for="Magento\Store\Api\Data\StoreInterface">
        <attribute code="display_currency" type="string" />
    </extension_attributes>
    <extension_attributes for="Magento\Catalog\Api\Data\ProductInterface">
        <attribute code="configurable_product_options_labels" type="Magento\Framework\Api\AttributeValue[]" />
        <attribute code="stock_status" type="string" />
    </extension_attributes>
    <extension_attributes for="Magento\Catalog\Api\Data\CategoryInterface">
        <attribute code="category_children" type="FutureActivities\Api\Api\Data\Category\ItemInterface[]" />
    </extension_attributes>
</config>