<?xml version="1.0"?>
<!--
  ~ Copyright © Boolfly. All rights reserved.
  ~ See COPYING.txt for license details.
  -->
<config xmlns:xsi="http://www.w3.org/2001/XMLSchema-instance" xsi:noNamespaceSchemaLocation="urn:magento:module:Magento_Config:etc/system_file.xsd">
    <system>
        <section id="payment">
            <group id="momo" translate="label" type="text" sortOrder="88" showInDefault="1" showInWebsite="1" showInStore="1">
                <label>Momo</label>
                <field id="active" translate="label" type="select" sortOrder="1" showInDefault="1" showInWebsite="1" showInStore="0">
                    <label>Enabled</label>
                    <source_model>Magento\Config\Model\Config\Source\Yesno</source_model>
                </field>
                <field id="title" translate="label" type="text" sortOrder="3" showInDefault="1" showInWebsite="1" showInStore="1" canRestore="1">
                    <label>Title</label>
                </field>
                <field id="partner_code" translate="label" type="text" sortOrder="30" showInDefault="1" showInWebsite="1" showInStore="0">
                    <label>Partner Code</label>
                </field>
                <field id="access_key" translate="label" type="obscure" sortOrder="32" showInDefault="1" showInWebsite="1" showInStore="0">
                    <label>Access Key</label>
                    <backend_model>Magento\Config\Model\Config\Backend\Encrypted</backend_model>
                </field>
                <field id="secret_key" translate="label" type="obscure" sortOrder="33" showInDefault="1" showInWebsite="1" showInStore="0">
                    <label>Secret Key</label>
                    <backend_model>Magento\Config\Model\Config\Backend\Encrypted</backend_model>
                </field>
                <field id="merchant_name" translate="label" type="text" sortOrder="50" showInDefault="1" showInWebsite="1" showInStore="0">
                    <label>Merchant Name</label>
                </field>
                <field id="sandbox_flag" translate="label" type="select" sortOrder="60" showInDefault="1" showInWebsite="1" showInStore="0">
                    <label>Sandbox Mode</label>
                    <source_model>Magento\Config\Model\Config\Source\Yesno</source_model>
                </field>
                <field id="credit_memo_prefix" translate="label" type="text" sortOrder="70" showInDefault="1" showInWebsite="1" showInStore="0" canRestore="1">
                    <label>Credit memo prefix</label>
                </field>
                <field id="allowspecific" translate="label" type="allowspecific" sortOrder="80" showInDefault="1" showInWebsite="1" showInStore="0" canRestore="1">
                    <label>Payment from Applicable Countries</label>
                    <source_model>Magento\Payment\Model\Config\Source\Allspecificcountries</source_model>
                </field>
                <field id="specificcountry" translate="label" type="multiselect" sortOrder="90" showInDefault="1" showInWebsite="1" showInStore="0" canRestore="1">
                    <label>Payment from Specific Countries</label>
                    <source_model>Magento\Directory\Model\Config\Source\Country</source_model>
                    <can_be_empty>1</can_be_empty>
                </field>
                <field id="sort_order" translate="label" type="text" sortOrder="150" showInDefault="1" showInWebsite="1" showInStore="0">
                    <label>Sort Order</label>
                    <frontend_class>validate-number</frontend_class>
                </field>
                <field id="momo_logo" translate="label" type="text" sortOrder="100" showInDefault="1" showInWebsite="1" showInStore="1" canRestore="1">
                    <label>MoMo Logo Url</label>
                </field>
                <field id="capture_wallet_logo" translate="label" type="text" sortOrder="110" showInDefault="1" showInWebsite="1" showInStore="1" canRestore="1">
                    <label>E-Wallet Logo Url</label>
                </field>
                <field id="pay_atm_logo" translate="label" type="text" sortOrder="120" showInDefault="1" showInWebsite="1" showInStore="1" canRestore="1">
                    <label>ATM Card Payment Logo Url</label>
                </field>
                <field id="pay_cc_logo" translate="label" type="text" sortOrder="130" showInDefault="1" showInWebsite="1" showInStore="1" canRestore="1">
                    <label>Credit Card Payment Logo Url</label>
                </field>
                <field id="payment_type" translate="label" type="multiselect" sortOrder="140" showInDefault="1" showInWebsite="1" showInStore="0" canRestore="1">
                    <label>Momo Payment Type</label>
                    <source_model>Boolfly\MomoWallet\Model\Config\Source\MomoPaymentType</source_model>
                    <validate>required-entry</validate>
                </field>
            </group>
        </section>
    </system>
</config>
